{
  "total_samples": 2000,
  "synthetic_samples": 1000,
  "real_samples": 1000,
  "feature_importance": {
    "metabolic_efficiency_score": 0.13189169882752583,
    "liver_health_index": 0.11942529642980035,
    "triglycerides": 0.08908274526232181,
    "inflammation_index": 0.0755382837007523,
    "kidney_function_index": 0.06496861256695283,
    "vascular_health_score": 0.048378857973640776,
    "glucose": 0.0420146376854467,
    "alt": 0.0398364009871358,
    "cardiovascular_risk_index": 0.03082358268671322,
    "bun": 0.026891873130566613,
    "bilirubin": 0.02305624258045349,
    "creatinine": 0.01839179729579904,
    "ast": 0.018378190919378503,
    "ldl": 0.017272661311854308,
    "hdl": 0.016591181076944357,
    "alkaline_phosphatase": 0.010285468296761099,
    "ag_ratio": 0.004867858202294354,
    "potassium": 0.00444041090971811,
    "cholesterol": 0.0037952335765384223,
    "oxidative_stress_score": 0.0037316476315538078,
    "bmi": 0.00269506213441773,
    "hormone_balance_index": 0.0023928130540600274,
    "sodium": 0.0011419182742499403,
    "albumin": 0.0010712036649025447,
    "total_protein": 0.0008632579745540732,
    "chloride": 0.0005651692120081805,
    "calcium": 0.0003743972494918579,
    "muscle_mass_index": 0.0002812776464369874,
    "magnesium": 0.00017497546023937323,
    "globulin": 0.00014547602516518871,
    "phosphate": 0.00014434673685619892,
    "bicarbonate": 0.0001109798785475266,
    "endocrine_balance_score": 0.00010502687494768003,
    "age": 7.45415761255616e-05,
    "digestive_health_score": 6.774107469787287e-05,
    "gender": 5.738552886036393e-05,
    "immune_system_score": 3.4241338896376456e-05,
    "bone_health_index": 3.074131397760709e-05,
    "metabolic_syndrome_score": 6.688401093349274e-06,
    "insulin_resistance_index": 7.552831980977113e-08
  }
}